Job_ID_assigned,Job_total_completion_time,status
0,757.8581792486389,not_assigned
0,749.0856590233402,not_assigned
0,714.8287674593239,not_assigned
0,791.1890638288783,not_assigned
0,716.0325293549015,not_assigned
0,715.4328905186364,not_assigned
